Project,Group,Keyword,Region,Language,Tags,Type,Start,"Google Page",Best,Google,Day,Week,Month,Life,"Search Volume",Competition,CPC/USD,"Search Results","Search Location",GMB,Source,"Tracked URL","Tracking Method","Ranking URL","Featured Snippet URL Found","Informational Search Intent","Navigational Search Intent","Commercial Search Intent","Transactional Search Intent","These are the serp features present in the results","These are the serp features the user features in","Track Local Pack","Estimated traffic amount","Visibility amount","Ignore Subdomains"
www.tuscanytrail.it,,"tuscany trail",google.com,en-gb,,Desktop,1,1,1,1,0,0,0,0,6600,0.02,1.12,8750000,,,Manual,www.tuscanytrail.it,Broad,https://www.tuscanytrail.it/en/,,0%,0%,0%,0%,"People also ask",,Yes,2626.8,26268,no
www.tuscanytrail.it,,"tuscany trails abilene tx",google.com,en-gb,,Desktop,0,5,45,45,0,0,0,55,10,0,0,13000,,,Manual,www.tuscanytrail.it,Broad,https://www.tuscanytrail.it/en/,,0%,0%,0%,0%,"Image Pack",,Yes,0.005,0,no
www.tuscanytrail.it,,"tuscany trail reddit",google.com,en-gb,,Desktop,50,5,50,50,0,0,0,0,10,0,0,222000,,,Manual,www.tuscanytrail.it,Broad,https://www.tuscanytrail.it/en/,,0%,0%,0%,0%,"Image Pack",,Yes,0.005,0,no
www.tuscanytrail.it,,"tuscany trail 2025 route map",google.com,en-gb,,Desktop,2,1,2,2,0,0,0,0,70,0,0,1370000,,,Manual,www.tuscanytrail.it,Broad,https://www.tuscanytrail.it/en/,,0%,0%,0%,0%,"Image Pack,People also ask",,Yes,13.09,130.9,no
www.tuscanytrail.it,,"tuscany trail statesboro",google.com,en-gb,,Desktop,21,3,21,21,0,0,0,0,20,0.05,0.29,42,,,Manual,www.tuscanytrail.it,Broad,https://www.tuscanytrail.it/en/,,0%,0%,0%,0%,"Image Pack,Review",,Yes,0.02,0,no
www.tuscanytrail.it,,"tuscany trail 2025 gpx",google.com,en-gb,,Desktop,2,1,2,2,0,0,0,0,170,0,0,64,,,Manual,www.tuscanytrail.it,Broad,https://www.tuscanytrail.it/en/,,0%,0%,0%,0%,,,Yes,31.79,317.9,no
www.tuscanytrail.it,,"tuscany trail bike rental",google.com,en-gb,,Desktop,5,1,5,5,0,0,0,0,10,0.25,1.02,97,,,Manual,www.tuscanytrail.it,Broad,https://www.tuscanytrail.it/en/,,0%,0%,0%,0%,"Image Pack,Review,AI",,Yes,0.51,3.57,no
www.tuscanytrail.it,,"tuscany trail map",google.com,en-gb,,Desktop,1,1,1,1,0,0,0,0,260,0.03,0.19,92,,,Manual,www.tuscanytrail.it,Broad,https://www.tuscanytrail.it/en/,,0%,0%,0%,0%,"Image Pack,Review,People also ask",,Yes,103.48,1034.8,no
www.tuscanytrail.it,,"tuscany trail cost",google.com,en-gb,,Desktop,1,1,1,1,0,0,0,0,20,0.15,1.81,95,,,Manual,www.tuscanytrail.it,Broad,https://www.tuscanytrail.it/en/product/tuscany-trail-2024/,,0%,0%,0%,0%,"Image Pack,Review,People also ask,AI",,Yes,7.96,79.6,no
www.tuscanytrail.it,,"tuscany trail route",google.com,en-gb,,Desktop,1,1,1,1,0,0,0,0,170,0.06,1.59,3060000,,,Manual,www.tuscanytrail.it,Broad,https://www.tuscanytrail.it/en/,,0%,0%,0%,0%,"Image Pack,Review,People also ask,AI",,Yes,67.66,676.6,no
www.tuscanytrail.it,,"tuscany trail 2025",google.com,en-gb,,Desktop,1,1,1,1,0,0,0,0,4400,0.01,1.15,5260000,,,Manual,www.tuscanytrail.it,Broad,https://www.tuscanytrail.it/en/,,0%,0%,0%,0%,"People also ask",,Yes,1751.2,17512,no
www.tuscanytrail.it,,"tuscany bike",google.com,en-gb,,Desktop,13,2,13,13,0,0,0,0,1600,0.1,2.09,9680000,,,Manual,www.tuscanytrail.it,Broad,https://www.tuscanytrail.it/en/,,0%,0%,0%,0%,"Image Pack,Local pack,Review,Top stories",,Yes,14.4,43.2,no
www.tuscanytrail.it,,"tuscany bike repair",google.com,en-gb,,Desktop,52,6,52,54,0,0,0,-2,20,0,0,205000,,,Manual,www.tuscanytrail.it,Broad,https://www.tuscanytrail.it/en/,,0%,0%,0%,0%,"Image Pack,Review",,Yes,0,0,no
www.tuscanytrail.it,,"tuscany bike tours self-guided",google.com,en-gb,,Desktop,0,0,0,0,0,0,0,0,90,0.6,4.02,812000,,,Manual,www.tuscanytrail.it,Broad,"NOT FOUND",,0%,0%,0%,0%,"Image Pack,Review",,Yes,0,0,no
www.tuscanytrail.it,,"tuscany bike rides",google.com,en-gb,,Desktop,6,1,6,6,0,0,0,0,70,0.45,3.25,1530000,,,Manual,www.tuscanytrail.it,Broad,https://www.tuscanytrail.it/en/,,0%,0%,0%,0%,"Image Pack,Local pack,Review,People also ask,AI",,Yes,3.08,21.56,no
www.tuscanytrail.it,,"tuscany bike routes",google.com,en-gb,,Desktop,8,1,8,9,0,0,0,-1,210,0.24,1.62,1740000,,,Manual,www.tuscanytrail.it,Broad,https://www.tuscanytrail.it/en/,,0%,0%,0%,0%,"Image Pack,Review",,Yes,3.99,19.95,no
www.tuscanytrail.it,,"tuscany bike tours reviews",google.com,en-gb,,Desktop,0,0,0,0,0,0,0,0,40,0.45,3.23,99,,,Manual,www.tuscanytrail.it,Broad,"NOT FOUND",,0%,0%,0%,0%,"Image Pack,Local pack,Review",,Yes,0,0,no
www.tuscanytrail.it,,"tuscany bike wine tour",google.com,en-gb,,Desktop,0,0,0,0,0,0,0,0,110,0.47,7.39,2850000,,,Manual,www.tuscanytrail.it,Broad,"NOT FOUND",,0%,0%,0%,0%,"Image Pack,Local pack,Review",,Yes,0,0,no
www.tuscanytrail.it,,"tuscany bike rental",google.com,en-gb,,Desktop,0,0,0,0,0,0,0,0,720,0.18,1.38,2670000,,,Manual,www.tuscanytrail.it,Broad,"NOT FOUND",,0%,0%,0%,0%,"Image Pack,Local pack,Review",,Yes,0,0,no
www.tuscanytrail.it,,"tuscany bike race",google.com,en-gb,,Desktop,1,1,1,1,0,0,0,0,30,0.03,0,1080000,,,Manual,www.tuscanytrail.it,Broad,https://www.tuscanytrail.it/en/,,0%,0%,0%,0%,"Review,People also ask",,Yes,11.94,119.4,no
www.tuscanytrail.it,,"tuscany bike tours",google.com,en-gb,,Desktop,97,0,97,0,0,0,0,-3,1300,0.56,5.27,5220000,,,Manual,www.tuscanytrail.it,Broad,"NOT FOUND",,0%,0%,0%,0%,"Local pack,Review,Video,People also ask,Top ads",,Yes,0,0,no
www.tuscanytrail.it,,"tuscany trail 2025 percorso",google.com,en-gb,,Desktop,1,1,1,1,0,0,0,0,320,0.01,0.04,82,,,Manual,www.tuscanytrail.it,Broad,https://www.tuscanytrail.it/en/,,0%,0%,0%,0%,"People also ask",,Yes,127.36,1273.6,no
www.tuscanytrail.it,,"tuscany trail 2025 route map pdf",google.com,en-gb,,Desktop,2,1,2,2,0,0,0,0,0,0,0,35,,,Manual,www.tuscanytrail.it,Broad,https://www.tuscanytrail.it/en/,,0%,0%,0%,0%,"Image Pack,Review",,Yes,0,0,no
www.tuscanytrail.it,,"tuscany trail 2025 tickets",google.com,en-gb,,Desktop,1,1,1,1,0,0,0,0,10,0.05,1.33,89,,,Manual,www.tuscanytrail.it,Broad,https://www.tuscanytrail.it/en/,,0%,0%,0%,0%,"People also ask",,Yes,3.98,39.8,no
www.tuscanytrail.it,,"tuscany trail 2025 komoot",google.com,en-gb,,Desktop,5,1,5,5,0,0,0,0,110,0,0,25,,,Manual,www.tuscanytrail.it,Broad,https://www.tuscanytrail.it/en/,,0%,0%,0%,0%,"Image Pack,Review",,Yes,5.61,39.27,no
www.tuscanytrail.it,,"tuscany trail 2025 date",google.com,en-gb,,Desktop,1,1,1,2,0,0,0,-1,210,0.03,0.54,75,,,Manual,www.tuscanytrail.it,Broad,https://www.tuscanytrail.it/en/,"https://m.facebook.com/story.php/?story_fbid=566217429438659&id=205810219624877#:~:text=2024%F3%B0%9E%8B%F3%B1%9F%A0-,Tuscany%20Trail%2021%2F22%2F23%20%2D%2028%20May%202025.,and%20discover%20all%20the%20updates.",0%,0%,0%,0%,"Featured Snippet,Image Pack,People also ask",,Yes,39.27,392.7,no
www.tuscanytrail.it,,"tuscany trail 2025 start",google.com,en-gb,,Desktop,1,1,1,1,0,0,0,0,30,0,0,4490000,,,Manual,www.tuscanytrail.it,Broad,https://www.tuscanytrail.it/en/,,0%,0%,0%,0%,"People also ask",,Yes,11.94,119.4,no
www.tuscanytrail.it,,"tuscany trail 2024 route map",google.com,en-gb,,Desktop,1,1,1,1,0,0,0,0,20,0,0,57,,,Manual,www.tuscanytrail.it,Broad,https://www.tuscanytrail.it/en/product/tuscany-trail-2024/,,0%,0%,0%,0%,"Image Pack,Review",,Yes,7.96,79.6,no
www.tuscanytrail.it,,"tuscany trail route 2022",google.com,en-gb,,Desktop,2,1,2,2,0,0,0,0,10,0,0,0,,,Manual,www.tuscanytrail.it,Broad,https://www.tuscanytrail.it/en/,"https://www.alltrails.com/trail/italy/tuscany/tuscany-trail-2022#:~:text=A%20500km%20adventure%2C%20which%20begins,discovering%20the%20famous%20Tuscan%20hills.",0%,0%,0%,0%,"Featured Snippet,Image Pack,Review",,Yes,1.87,18.7,no
www.tuscanytrail.it,,"tuscany trail route 2023",google.com,en-gb,,Desktop,3,1,3,4,0,0,0,-1,10,0,0,97,,,Manual,www.tuscanytrail.it,Broad,https://www.tuscanytrail.it/en/,,0%,0%,0%,0%,"Image Pack,Review",,Yes,0.72,5.04,no
www.tuscanytrail.it,,"tuscany trail route gpx",google.com,en-gb,,Desktop,4,1,4,4,0,0,0,0,0,0,0,77,,,Manual,www.tuscanytrail.it,Broad,https://www.tuscanytrail.it/en/,,0%,0%,0%,0%,"Image Pack,Review",,Yes,0,0,no
www.tuscanytrail.it,,"tuscany trail route 2024 pdf",google.com,en-gb,,Desktop,1,1,1,2,0,0,0,-1,0,0,0,61,,,Manual,www.tuscanytrail.it,Broad,https://www.tuscanytrail.it/en/product/tuscany-trail-2024/,,0%,0%,0%,0%,"Image Pack,Review,People also ask",,Yes,0,0,no
www.tuscanytrail.it,,"tuscany trail route 2025 route map",google.com,en-gb,,Desktop,1,1,1,1,0,0,0,0,0,0,0,140000,,,Manual,www.tuscanytrail.it,Broad,https://www.tuscanytrail.it/en/,,0%,0%,0%,0%,"Image Pack",,Yes,0,0,no
www.tuscanytrail.it,,"tuscany trail route 2024",google.com,en-gb,,Desktop,1,1,1,1,0,0,0,0,70,0.03,0.83,96,,,Manual,www.tuscanytrail.it,Broad,https://www.tuscanytrail.it/en/product/tuscany-trail-2024/,,0%,0%,0%,0%,"Image Pack,People also ask",,Yes,27.86,278.6,no
www.tuscanytrail.it,,"tuscany trail route 2025",google.com,en-gb,,Desktop,1,1,1,1,0,0,0,0,110,0.03,0,94,,,Manual,www.tuscanytrail.it,Broad,https://www.tuscanytrail.it/en/,,0%,0%,0%,0%,"Image Pack",,Yes,43.78,437.8,no
www.tuscanytrail.it,,"is tuscany expensive",google.com,en-gb,,Desktop,0,0,0,0,0,0,0,0,210,0,3.41,11100000,,,Manual,www.tuscanytrail.it,Broad,"NOT FOUND","https://www.gites-en-toscane.com/en/preparing-your-trip-to-tuscany/how-much-does-a-trip-to-tuscany-cost/#:~:text=the%20cost%20of%20a%20trip%20to%20Tuscany%20will%20depend%20on,region%20without%20breaking%20the%20bank.",0%,0%,0%,0%,"Featured Snippet,Review,People also ask",,Yes,0,0,no
www.tuscanytrail.it,,"is tuscany expensive to visit",google.com,en-gb,,Desktop,0,0,0,0,0,0,0,0,40,0.01,0,6470000,,,Manual,www.tuscanytrail.it,Broad,"NOT FOUND","https://www.visittuscany.com/en/ideas/traveling-tuscany-on-a-budget/#:~:text=Tuscany%20is%20a%20dream%20destination,far%20your%20euro%20can%20stretch.",0%,0%,0%,0%,"Featured Snippet,Review,People also ask",,Yes,0,0,no
www.tuscanytrail.it,,"tuscany trail review",google.com,en-gb,,Desktop,22,3,20,20,0,0,0,2,10,0.02,0,32600000,,,Manual,www.tuscanytrail.it,Broad,https://www.tuscanytrail.it/en/,,0%,0%,0%,0%,Review,,Yes,0.02,0,no
www.tuscanytrail.it,,"tuscany trail 2025 costo",google.com,en-gb,,Desktop,1,1,1,1,0,0,0,0,0,0,0,53,,,Manual,www.tuscanytrail.it,Broad,https://www.tuscanytrail.it/en/,,0%,0%,0%,0%,"Image Pack,Review,People also ask",,Yes,0,0,no
www.tuscanytrail.it,,"tuscany trail fee",google.com,en-gb,,Desktop,1,1,1,1,0,0,0,0,0,0,0,5900000,,,Manual,www.tuscanytrail.it,Broad,https://www.tuscanytrail.it/en/,,0%,0%,0%,0%,"People also ask",,Yes,0,0,no
www.tuscanytrail.it,,"tuscany trail costo iscrizione",google.com,en-gb,,Desktop,1,1,1,1,0,0,0,0,0,0,0,43,,,Manual,www.tuscanytrail.it,Broad,"https://www.tuscanytrail.it/product/tuscany-trail-2024/#:~:text=Luogo%3A%20Via%20Vecchia%20Aurelia%2C%201%2C%2057022%20Donoratico%20LI.&text=Costo%20dell'iscrizione%3A,2023%20al%207%20Gennaio%202024","https://www.tuscanytrail.it/product/tuscany-trail-2024/#:~:text=Luogo%3A%20Via%20Vecchia%20Aurelia%2C%201%2C%2057022%20Donoratico%20LI.&text=Costo%20dell'iscrizione%3A,2023%20al%207%20Gennaio%202024",0%,0%,0%,0%,"Featured Snippet,Image Pack,People also ask","Featured Snippet",Yes,0,0,no
www.tuscanytrail.it,,"costco tuscany trail",google.com,en-gb,,Desktop,14,3,14,22,0,0,0,-8,0,0,0,354000,,,Manual,www.tuscanytrail.it,Broad,https://www.tuscanytrail.it/en/,,0%,0%,0%,0%,"Image Pack,Local pack,Review,People also ask",,Yes,0,0,no
www.tuscanytrail.it,,"tuscany trail 2024 gpx route map",google.com,en-gb,,Desktop,3,1,3,3,0,0,0,0,0,0,0,0,,,Manual,www.tuscanytrail.it,Broad,https://www.tuscanytrail.it/en/product/tuscany-trail-2024/,,0%,0%,0%,0%,"Image Pack,Review",,Yes,0,0,no
www.tuscanytrail.it,,"tuscany wine trail map",google.com,en-gb,,Desktop,44,5,41,41,0,0,0,3,10,0.09,0,328000,,,Manual,www.tuscanytrail.it,Broad,https://www.tuscanytrail.it/en/,,0%,0%,0%,0%,"Image Pack,Review,People also ask",,Yes,0.005,0,no
www.tuscanytrail.it,,"tuscany trail 2023 map",google.com,en-gb,,Desktop,3,1,3,3,0,0,0,0,10,0,0,73,,,Manual,www.tuscanytrail.it,Broad,https://www.tuscanytrail.it/en/,,0%,0%,0%,0%,"Image Pack,Review",,Yes,1.02,10.2,no
www.tuscanytrail.it,,"tuscany trail route map",google.com,en-gb,,Desktop,1,1,1,1,0,0,0,0,20,0.02,0,0,,,Manual,www.tuscanytrail.it,Broad,https://www.tuscanytrail.it/en/,,0%,0%,0%,0%,"Image Pack,Review,People also ask",,Yes,7.96,79.6,no
www.tuscanytrail.it,,"tuscany hiking map",google.com,en-gb,,Desktop,0,2,16,16,0,0,0,84,0,0,0,0,,,Manual,www.tuscanytrail.it,Broad,https://www.tuscanytrail.it/en/,,0%,0%,0%,0%,"Image Pack,Review,People also ask",,Yes,0,0,no
www.tuscanytrail.it,,"tuscany trail mappa",google.com,en-gb,,Desktop,1,1,1,1,0,0,0,0,260,0.03,0.19,92,,,Manual,www.tuscanytrail.it,Broad,https://www.tuscanytrail.it/en/,,0%,0%,0%,0%,"Image Pack,Review,People also ask",,Yes,103.48,1034.8,no
www.tuscanytrail.it,,"tuscany trail map 2024",google.com,en-gb,,Desktop,1,1,1,1,0,0,0,0,0,0,0,96,,,Manual,www.tuscanytrail.it,Broad,https://www.tuscanytrail.it/en/product/tuscany-trail-2024/,,0%,0%,0%,0%,"Image Pack,Review,People also ask",,Yes,0,0,no
www.tuscanytrail.it,,"import gpx to alltrails",google.com,en-gb,,Desktop,0,0,0,0,0,0,0,0,70,0.02,0,68,,,Manual,www.tuscanytrail.it,Broad,"NOT FOUND",,0%,0%,0%,0%,"Review,People also ask,AI",,Yes,0,0,no
www.tuscanytrail.it,,"can you download gpx from alltrails",google.com,en-gb,,Desktop,0,0,0,0,0,0,0,0,40,0.07,0,71,,,Manual,www.tuscanytrail.it,Broad,"NOT FOUND",,0%,0%,0%,0%,"Review,People also ask,AI",,Yes,0,0,no
www.tuscanytrail.it,,"tuscany gravel",google.com,en-gb,,Desktop,1,1,1,1,0,0,0,0,320,0.79,0.37,0,,,Manual,www.tuscanytrail.it,Broad,https://www.tuscanytrail.it/en/,,0%,0%,0%,0%,"Review,Top stories",,Yes,127.36,1273.6,no
www.tuscanytrail.it,,"washed gravel vs pea gravel",google.com,en-gb,,Desktop,0,0,0,0,0,0,0,0,20,0,0,1040000,,,Manual,www.tuscanytrail.it,Broad,"NOT FOUND",,0%,0%,0%,0%,"Review,People also ask,AI",,Yes,0,0,no
www.tuscanytrail.it,,"gravel vs pea gravel",google.com,en-gb,,Desktop,0,0,0,0,0,0,0,0,90,0.03,1.11,16300000,,,Manual,www.tuscanytrail.it,Broad,"NOT FOUND",,0%,0%,0%,0%,"Review,People also ask,AI",,Yes,0,0,no
www.tuscanytrail.it,,"tuscany gravel bike ride",google.com,en-gb,,Desktop,1,1,1,1,0,0,0,0,0,0,0,158000,,,Manual,www.tuscanytrail.it,Broad,https://www.tuscanytrail.it/en/,,0%,0%,0%,0%,"Image Pack,Review,People also ask,Top stories",,Yes,0,0,no
www.tuscanytrail.it,,"tuscany gravel tour",google.com,en-gb,,Desktop,4,1,4,4,0,0,0,0,20,0.4,2.68,1720000,,,Manual,www.tuscanytrail.it,Broad,https://www.tuscanytrail.it/en/,,0%,0%,0%,0%,"Image Pack,Review,Top stories",,Yes,1.44,10.08,no
www.tuscanytrail.it,,"tuscany gravel routes",google.com,en-gb,,Desktop,7,1,7,9,0,0,0,-2,70,0.19,1.85,300000,,,Manual,www.tuscanytrail.it,Broad,https://www.tuscanytrail.it/en/,,0%,0%,0%,0%,"Image Pack,Review",,Yes,1.33,6.65,no
www.tuscanytrail.it,,"tuscany gravel bike rental",google.com,en-gb,,Desktop,27,3,27,27,0,0,0,0,0,0,0,71300,,,Manual,www.tuscanytrail.it,Broad,https://www.tuscanytrail.it/en/,,0%,0%,0%,0%,"Image Pack,Review",,Yes,0,0,no
www.tuscanytrail.it,,"tuscany gravel biking",google.com,en-gb,,Desktop,4,1,4,4,0,0,0,0,0,0,0,328000,,,Manual,www.tuscanytrail.it,Broad,https://www.tuscanytrail.it/en/,,0%,0%,0%,0%,"Image Pack,Review,Top stories",,Yes,0,0,no
www.tuscanytrail.it,,"tuscany gravel bike tours",google.com,en-gb,,Desktop,6,1,6,6,0,0,0,0,40,0.67,1.87,254000,,,Manual,www.tuscanytrail.it,Broad,https://www.tuscanytrail.it/en/,,0%,0%,0%,0%,"Image Pack,Review,Top stories",,Yes,1.76,12.32,no
www.tuscanytrail.it,,"how to download gpx file from alltrails",google.com,en-gb,,Desktop,0,0,0,0,0,0,0,0,70,0,0,85,,,Manual,www.tuscanytrail.it,Broad,"NOT FOUND",,0%,0%,0%,0%,"Review,People also ask,AI",,Yes,0,0,no
www.tuscanytrail.it,,"how to download gpx from alltrails app",google.com,en-gb,,Desktop,0,0,0,0,0,0,0,0,0,0,0,35500,,,Manual,www.tuscanytrail.it,Broad,"NOT FOUND",,0%,0%,0%,0%,"Review,People also ask,AI",,Yes,0,0,no
www.tuscanytrail.it,,"how to download gpx from alltrails",google.com,en-gb,,Desktop,0,0,0,0,0,0,0,0,110,0.02,0,79,,,Manual,www.tuscanytrail.it,Broad,"NOT FOUND",,0%,0%,0%,0%,"Review,People also ask,AI",,Yes,0,0,no
www.tuscanytrail.it,,"can you upload gpx to alltrails",google.com,en-gb,,Desktop,0,0,0,0,0,0,0,0,10,0.02,0,57,,,Manual,www.tuscanytrail.it,Broad,"NOT FOUND",,0%,0%,0%,0%,"Review,People also ask,AI",,Yes,0,0,no
www.tuscanytrail.it,,"can you download gpx files from alltrails",google.com,en-gb,,Desktop,0,0,0,0,0,0,0,0,30,0.02,0,11000,,,Manual,www.tuscanytrail.it,Broad,"NOT FOUND",,0%,0%,0%,0%,"Review,People also ask,AI",,Yes,0,0,no
www.tuscanytrail.it,,"can you download gpx from alltrails app",google.com,en-gb,,Desktop,0,0,0,0,0,0,0,0,40,0.05,0,0,,,Manual,www.tuscanytrail.it,Broad,"NOT FOUND",,0%,0%,0%,0%,"Review,People also ask,AI",,Yes,0,0,no
www.tuscanytrail.it,,"open gpx alltrails",google.com,en-gb,,Desktop,0,0,0,0,0,0,0,0,0,0,0,34700,,,Manual,www.tuscanytrail.it,Broad,"NOT FOUND",,0%,0%,0%,0%,"Image Pack,Review,People also ask,AI",,Yes,0,0,no
www.tuscanytrail.it,,"add gpx file to alltrails",google.com,en-gb,,Desktop,0,0,0,0,0,0,0,0,10,0,0,10600,,,Manual,www.tuscanytrail.it,Broad,"NOT FOUND",,0%,0%,0%,0%,"Review,People also ask,AI",,Yes,0,0,no
www.tuscanytrail.it,,"upload gpx to alltrails app",google.com,en-gb,,Desktop,0,0,0,0,0,0,0,0,30,0.04,7.81,59,,,Manual,www.tuscanytrail.it,Broad,"NOT FOUND",,0%,0%,0%,0%,"People also ask,AI",,Yes,0,0,no
www.tuscanytrail.it,,"upload gpx to alltrails",google.com,en-gb,,Desktop,0,0,0,0,0,0,0,0,90,0.03,7.64,58,,,Manual,www.tuscanytrail.it,Broad,"NOT FOUND",,0%,0%,0%,0%,"Review,People also ask,AI",,Yes,0,0,no
www.tuscanytrail.it,,"import gpx to alltrails app",google.com,en-gb,,Desktop,0,0,0,0,0,0,0,0,20,0.09,13.57,5920,,,Manual,www.tuscanytrail.it,Broad,"NOT FOUND",,0%,0%,0%,0%,"Review,People also ask,AI",,Yes,0,0,no
www.tuscanytrail.it,,"mappa tuscany trail 2023",google.com,en-gb,,Desktop,3,1,3,3,0,0,0,0,0,0,0,50,,,Manual,www.tuscanytrail.it,Broad,https://www.tuscanytrail.it/en/,,0%,0%,0%,0%,"Image Pack,Review",,Yes,0,0,no
www.tuscanytrail.it,,"mappa tuscany trail 2024",google.com,en-gb,,Desktop,1,1,1,1,0,0,0,0,0,0,0,66,,,Manual,www.tuscanytrail.it,Broad,https://www.tuscanytrail.it/en/product/tuscany-trail-2024/,,0%,0%,0%,0%,"Image Pack,Review",,Yes,0,0,no
www.tuscanytrail.it,,"historical sites in tuscany",google.com,en-gb,,Desktop,0,0,0,0,0,0,0,0,20,0.12,0.62,26500000,,,Manual,www.tuscanytrail.it,Broad,"NOT FOUND",,0%,0%,0%,0%,"Review,People also ask,Top ads,AI",,Yes,0,0,no
www.tuscanytrail.it,,"tuscany walk reviews",google.com,en-gb,,Desktop,0,0,0,0,0,0,0,0,20,0,0,4060000,,,Manual,www.tuscanytrail.it,Broad,"NOT FOUND",,0%,0%,0%,0%,Review,,Yes,0,0,no
www.tuscanytrail.it,,"are there mountains in tuscany",google.com,en-gb,,Desktop,0,0,0,0,0,0,0,0,30,0,0,22500000,,,Manual,www.tuscanytrail.it,Broad,"NOT FOUND",,0%,0%,0%,0%,"Image Pack,Review,People also ask,AI",,Yes,0,0,no
www.tuscanytrail.it,,"hiking in tuscany near florence",google.com,en-gb,,Desktop,0,0,0,0,0,0,0,0,20,0.63,3.43,2530000,,,Manual,www.tuscanytrail.it,Broad,"NOT FOUND",,0%,0%,0%,0%,"Review,People also ask",,Yes,0,0,no
www.tuscanytrail.it,,"tuscany hiking trails map",google.com,en-gb,,Desktop,33,4,33,33,0,0,0,0,10,0.38,0.47,96,,,Manual,www.tuscanytrail.it,Broad,https://www.tuscanytrail.it/en/,,0%,0%,0%,0%,"Review,People also ask",,Yes,0.005,0,no
www.tuscanytrail.it,,"tuscany walking map",google.com,en-gb,,Desktop,0,0,0,0,0,0,0,0,30,1,0.3,4220000,,,Manual,www.tuscanytrail.it,Broad,"NOT FOUND",,0%,0%,0%,0%,"Image Pack,Review,People also ask",,Yes,0,0,no
www.tuscanytrail.it,,"tuscany driving routes",google.com,en-gb,,Desktop,0,0,0,0,0,0,0,0,40,0.14,0.01,2540000,,,Manual,www.tuscanytrail.it,Broad,"NOT FOUND",,0%,0%,0%,0%,"Image Pack,Review,People also ask",,Yes,0,0,no
www.tuscanytrail.it,,"where does the heritage trail start",google.com,en-gb,,Desktop,0,0,0,0,0,0,0,0,30,0.03,0,146000000,,,Manual,www.tuscanytrail.it,Broad,"NOT FOUND",,0%,0%,0%,0%,"Image Pack,Review,People also ask,AI",,Yes,0,0,no
www.tuscanytrail.it,,"gravel italy",google.com,en-gb,,Desktop,89,9,89,89,0,0,0,0,30,0.61,0.11,29300000,,,Manual,www.tuscanytrail.it,Broad,https://www.tuscanytrail.it/en/,,0%,0%,0%,0%,"Image Pack,Review",,Yes,0,0,no
www.tuscanytrail.it,,"gravel bikepacking italy",google.com,en-gb,,Desktop,27,3,27,29,0,0,0,-2,0,0,0,0,,,Manual,www.tuscanytrail.it,Broad,https://www.tuscanytrail.it/en/,,0%,0%,0%,0%,,,Yes,0,0,no
www.tuscanytrail.it,,"gravel cycling italy",google.com,en-gb,,Desktop,0,0,0,0,0,0,0,0,0,0,0,0,,,Manual,www.tuscanytrail.it,Broad,"NOT FOUND",,0%,0%,0%,0%,"Image Pack,Review,Video",,Yes,0,0,no
www.tuscanytrail.it,,"italy gravel bike tours",google.com,en-gb,,Desktop,85,9,85,85,0,0,0,0,0,0,0,345000,,,Manual,www.tuscanytrail.it,Broad,https://www.tuscanytrail.it/en/,,0%,0%,0%,0%,"Image Pack,Review",,Yes,0,0,no
www.tuscanytrail.it,,"italy gravel route",google.com,en-gb,,Desktop,16,2,14,14,0,0,0,2,0,0,0,0,,,Manual,www.tuscanytrail.it,Broad,https://www.tuscanytrail.it/en/,,0%,0%,0%,0%,"Image Pack,Local pack,Review,Video",,Yes,0,0,no
www.tuscanytrail.it,,"italy gravel bike",google.com,en-gb,,Desktop,69,7,69,69,0,0,0,0,0,0,0,12900000,,,Manual,www.tuscanytrail.it,Broad,https://www.tuscanytrail.it/en/,,0%,0%,0%,0%,"Image Pack,Review,Top stories",,Yes,0,0,no
www.tuscanytrail.it,,"tuscany trail",google.com,en-gb,,Mobile,1,1,1,1,0,0,0,0,6600,0.02,1.12,0,,,Manual,www.tuscanytrail.it,Broad,https://www.tuscanytrail.it/en/,,0%,0%,0%,0%,"Video,People also ask,Top ads",,Yes,2626.8,26268,no
www.tuscanytrail.it,,"tuscany trails abilene tx",google.com,en-gb,,Mobile,49,5,49,49,0,0,0,0,10,0,0,0,,,Manual,www.tuscanytrail.it,Broad,https://www.tuscanytrail.it/en/,,0%,0%,0%,0%,"Top ads",,Yes,0.005,0,no
www.tuscanytrail.it,,"tuscany trail reddit",google.com,en-gb,,Mobile,57,6,55,55,0,0,0,2,10,0,0,0,,,Manual,www.tuscanytrail.it,Broad,https://www.tuscanytrail.it/en/,,0%,0%,0%,0%,"Top ads",,Yes,0,0,no
www.tuscanytrail.it,,"tuscany trail 2025 route map",google.com,en-gb,,Mobile,1,1,1,2,0,0,0,-1,70,0,0,0,,,Manual,www.tuscanytrail.it,Broad,https://www.tuscanytrail.it/en/,,0%,0%,0%,0%,"Review,Top ads",,Yes,13.09,130.9,no
www.tuscanytrail.it,,"tuscany trail statesboro",google.com,en-gb,,Mobile,21,2,19,19,0,0,0,2,20,0.05,0.29,0,,,Manual,www.tuscanytrail.it,Broad,https://www.tuscanytrail.it/en/,,0%,0%,0%,0%,"Top ads",,Yes,0.06,0,no
www.tuscanytrail.it,,"tuscany trail 2025 gpx",google.com,en-gb,,Mobile,2,1,2,2,0,0,0,0,170,0,0,0,,,Manual,www.tuscanytrail.it,Broad,https://www.tuscanytrail.it/en/,,0%,0%,0%,0%,"Top ads",,Yes,31.79,317.9,no
www.tuscanytrail.it,,"tuscany trail bike rental",google.com,en-gb,,Mobile,5,1,5,5,0,0,0,0,10,0.25,1.02,0,,,Manual,www.tuscanytrail.it,Broad,https://www.tuscanytrail.it/en/,,0%,0%,0%,0%,"Review,Top ads",,Yes,0.51,3.57,no
www.tuscanytrail.it,,"tuscany trail map",google.com,en-gb,,Mobile,1,1,1,1,0,0,0,0,260,0.03,0.19,0,,,Manual,www.tuscanytrail.it,Broad,https://www.tuscanytrail.it/en/,,0%,0%,0%,0%,"Review,Top ads",,Yes,103.48,1034.8,no
www.tuscanytrail.it,,"tuscany trail cost",google.com,en-gb,,Mobile,1,1,1,1,0,0,0,0,20,0.15,1.81,0,,,Manual,www.tuscanytrail.it,Broad,https://www.tuscanytrail.it/en/product/tuscany-trail-2024/,,0%,0%,0%,0%,"Review,People also ask,Top ads,AI",,Yes,7.96,79.6,no
www.tuscanytrail.it,,"tuscany trail route",google.com,en-gb,,Mobile,1,1,1,1,0,0,0,0,170,0.06,1.59,0,,,Manual,www.tuscanytrail.it,Broad,https://www.tuscanytrail.it/en/,,0%,0%,0%,0%,"Review,Video,People also ask,Top ads",,Yes,67.66,676.6,no
www.tuscanytrail.it,,"tuscany trail 2025",google.com,en-gb,,Mobile,1,1,1,1,0,0,0,0,4400,0.01,1.15,0,,,Manual,www.tuscanytrail.it,Broad,https://www.tuscanytrail.it/en/,,0%,0%,0%,0%,"People also ask,Top ads",,Yes,1751.2,17512,no
www.tuscanytrail.it,,"tuscany bike",google.com,en-gb,,Mobile,12,2,12,13,0,0,0,-1,1600,0.1,2.09,0,,,Manual,www.tuscanytrail.it,Broad,https://www.tuscanytrail.it/en/,,0%,0%,0%,0%,"Local pack,Review,Video,Carousel,People also ask",,Yes,14.4,43.2,no
www.tuscanytrail.it,,"tuscany bike repair",google.com,en-gb,,Mobile,54,6,53,53,0,0,0,1,20,0,0,0,,,Manual,www.tuscanytrail.it,Broad,https://www.tuscanytrail.it/en/,,0%,0%,0%,0%,"Review,Top ads",,Yes,0,0,no
www.tuscanytrail.it,,"tuscany bike tours self-guided",google.com,en-gb,,Mobile,0,0,0,0,0,0,0,0,90,0.6,4.02,0,,,Manual,www.tuscanytrail.it,Broad,"NOT FOUND",,0%,0%,0%,0%,"Review,Video,Top ads",,Yes,0,0,no
www.tuscanytrail.it,,"tuscany bike rides",google.com,en-gb,,Mobile,6,1,6,6,0,0,0,0,70,0.45,3.25,0,,,Manual,www.tuscanytrail.it,Broad,https://www.tuscanytrail.it/en/,,0%,0%,0%,0%,"Local pack,Video,People also ask,Top ads,AI",,Yes,3.08,21.56,no
www.tuscanytrail.it,,"tuscany bike routes",google.com,en-gb,,Mobile,10,1,10,10,0,0,0,0,210,0.24,1.62,0,,,Manual,www.tuscanytrail.it,Broad,https://www.tuscanytrail.it/en/,,0%,0%,0%,0%,"Review,Video,People also ask,Top ads,AI",,Yes,3.36,16.8,no
www.tuscanytrail.it,,"tuscany bike tours reviews",google.com,en-gb,,Mobile,0,0,0,0,0,0,0,0,40,0.45,3.23,0,,,Manual,www.tuscanytrail.it,Broad,"NOT FOUND",,0%,0%,0%,0%,"Review,Top ads",,Yes,0,0,no
www.tuscanytrail.it,,"tuscany bike wine tour",google.com,en-gb,,Mobile,0,0,0,0,0,0,0,0,110,0.47,7.39,0,,,Manual,www.tuscanytrail.it,Broad,"NOT FOUND",,0%,0%,0%,0%,"Local pack,Review,Video,Carousel,People also ask,Top ads",,Yes,0,0,no
www.tuscanytrail.it,,"tuscany bike rental",google.com,en-gb,,Mobile,0,0,0,0,0,0,0,0,720,0.18,1.38,0,,,Manual,www.tuscanytrail.it,Broad,"NOT FOUND",,0%,0%,0%,0%,"Local pack,Review,Carousel,People also ask,Top ads",,Yes,0,0,no
www.tuscanytrail.it,,"tuscany bike race",google.com,en-gb,,Mobile,1,1,1,1,0,0,0,0,30,0.03,0,0,,,Manual,www.tuscanytrail.it,Broad,https://www.tuscanytrail.it/en/,,0%,0%,0%,0%,"Review,Video,People also ask,Top ads",,Yes,11.94,119.4,no
www.tuscanytrail.it,,"tuscany bike tours",google.com,en-gb,,Mobile,0,0,0,0,0,0,0,0,1300,0.56,5.27,0,,,Manual,www.tuscanytrail.it,Broad,"NOT FOUND",,0%,0%,0%,0%,"Local pack,Review,Video,Top ads",,Yes,0,0,no
www.tuscanytrail.it,,"tuscany trail 2025 percorso",google.com,en-gb,,Mobile,1,1,1,1,0,0,0,0,320,0.01,0.04,0,,,Manual,www.tuscanytrail.it,Broad,https://www.tuscanytrail.it/en/,,0%,0%,0%,0%,"Top ads",,Yes,127.36,1273.6,no
www.tuscanytrail.it,,"tuscany trail 2025 route map pdf",google.com,en-gb,,Mobile,2,1,2,2,0,0,0,0,0,0,0,0,,,Manual,www.tuscanytrail.it,Broad,https://www.tuscanytrail.it/en/,,0%,0%,0%,0%,"Review,People also ask,Top ads",,Yes,0,0,no
www.tuscanytrail.it,,"tuscany trail 2025 tickets",google.com,en-gb,,Mobile,1,1,1,1,0,0,0,0,10,0.05,1.33,0,,,Manual,www.tuscanytrail.it,Broad,https://www.tuscanytrail.it/en/,,0%,0%,0%,0%,"People also ask,Top ads",,Yes,3.98,39.8,no
www.tuscanytrail.it,,"tuscany trail 2025 komoot",google.com,en-gb,,Mobile,5,1,5,5,0,0,0,0,110,0,0,0,,,Manual,www.tuscanytrail.it,Broad,https://www.tuscanytrail.it/en/,,0%,0%,0%,0%,"Review,Top ads",,Yes,5.61,39.27,no
www.tuscanytrail.it,,"tuscany trail 2025 date",google.com,en-gb,,Mobile,2,1,2,2,0,0,0,0,210,0.03,0.54,0,,,Manual,www.tuscanytrail.it,Broad,https://www.tuscanytrail.it/en/,"https://www.instagram.com/tuscanytrail/?hl=en#:~:text=Tuscany%20Trail%20is%20the%20world's,430%20km%205.300%20D%2B",0%,0%,0%,0%,"Featured Snippet,People also ask,Top ads",,Yes,39.27,392.7,no
www.tuscanytrail.it,,"tuscany trail 2025 start",google.com,en-gb,,Mobile,1,1,1,2,0,0,0,-1,30,0,0,0,,,Manual,www.tuscanytrail.it,Broad,https://www.tuscanytrail.it/en/,"https://www.bikeadventureseries.com/journal/how-to-preparare-for-tuscany-trail-2025/#:~:text=As%20you%20know%2C%20the%20Tuscany,constantly%20for%204%2D5%20days.",0%,0%,0%,0%,"Featured Snippet,People also ask,Top ads,AI",,Yes,5.61,56.1,no
www.tuscanytrail.it,,"tuscany trail 2024 route map",google.com,en-gb,,Mobile,1,1,1,1,0,0,0,0,20,0,0,0,,,Manual,www.tuscanytrail.it,Broad,https://www.tuscanytrail.it/en/product/tuscany-trail-2024/,,0%,0%,0%,0%,"Review,People also ask,Top ads",,Yes,7.96,79.6,no
www.tuscanytrail.it,,"tuscany trail route 2022",google.com,en-gb,,Mobile,1,1,1,1,0,0,0,0,10,0,0,0,,,Manual,www.tuscanytrail.it,Broad,https://www.tuscanytrail.it/en/,,0%,0%,0%,0%,"Review,Top ads",,Yes,3.98,39.8,no
www.tuscanytrail.it,,"tuscany trail route 2023",google.com,en-gb,,Mobile,6,1,4,4,0,0,0,2,10,0,0,0,,,Manual,www.tuscanytrail.it,Broad,https://www.tuscanytrail.it/en/,,0%,0%,0%,0%,"Review,Top ads",,Yes,0.72,5.04,no
www.tuscanytrail.it,,"tuscany trail route gpx",google.com,en-gb,,Mobile,4,1,4,4,0,0,0,0,0,0,0,0,,,Manual,www.tuscanytrail.it,Broad,https://www.tuscanytrail.it/en/,,0%,0%,0%,0%,"Review,Top ads",,Yes,0,0,no
www.tuscanytrail.it,,"tuscany trail route 2024 pdf",google.com,en-gb,,Mobile,2,1,2,2,0,0,0,0,0,0,0,0,,,Manual,www.tuscanytrail.it,Broad,https://www.tuscanytrail.it/en/product/tuscany-trail-2024/,,0%,0%,0%,0%,"Review,People also ask,Top ads",,Yes,0,0,no
www.tuscanytrail.it,,"tuscany trail route 2025 route map",google.com,en-gb,,Mobile,1,1,1,1,0,0,0,0,0,0,0,0,,,Manual,www.tuscanytrail.it,Broad,https://www.tuscanytrail.it/en/,,0%,0%,0%,0%,"Top ads",,Yes,0,0,no
www.tuscanytrail.it,,"tuscany trail route 2024",google.com,en-gb,,Mobile,1,1,1,1,0,0,0,0,70,0.03,0.83,0,,,Manual,www.tuscanytrail.it,Broad,https://www.tuscanytrail.it/en/product/tuscany-trail-2024/,,0%,0%,0%,0%,"Video,Top ads",,Yes,27.86,278.6,no
www.tuscanytrail.it,,"tuscany trail route 2025",google.com,en-gb,,Mobile,1,1,1,1,0,0,0,0,110,0.03,0,0,,,Manual,www.tuscanytrail.it,Broad,https://www.tuscanytrail.it/en/,,0%,0%,0%,0%,"People also ask,Top ads",,Yes,43.78,437.8,no
www.tuscanytrail.it,,"is tuscany expensive",google.com,en-gb,,Mobile,0,0,0,0,0,0,0,0,210,0,3.41,0,,,Manual,www.tuscanytrail.it,Broad,"NOT FOUND",,0%,0%,0%,0%,"Review,People also ask,Top ads,AI",,Yes,0,0,no
www.tuscanytrail.it,,"is tuscany expensive to visit",google.com,en-gb,,Mobile,0,0,0,0,0,0,0,0,40,0.01,0,0,,,Manual,www.tuscanytrail.it,Broad,"NOT FOUND",,0%,0%,0%,0%,"Review,People also ask,AI",,Yes,0,0,no
www.tuscanytrail.it,,"tuscany trail review",google.com,en-gb,,Mobile,23,3,23,23,0,0,0,0,10,0.02,0,0,,,Manual,www.tuscanytrail.it,Broad,https://www.tuscanytrail.it/en/,,0%,0%,0%,0%,"Review,Video,People also ask,Top ads,AI",,Yes,0.01,0,no
www.tuscanytrail.it,,"tuscany trail 2025 costo",google.com,en-gb,,Mobile,1,1,1,1,0,0,0,0,0,0,0,0,,,Manual,www.tuscanytrail.it,Broad,https://www.tuscanytrail.it/en/,,0%,0%,0%,0%,"Review,People also ask,Top ads",,Yes,0,0,no
www.tuscanytrail.it,,"tuscany trail fee",google.com,en-gb,,Mobile,1,1,1,1,0,0,0,0,0,0,0,0,,,Manual,www.tuscanytrail.it,Broad,https://www.tuscanytrail.it/en/,,0%,0%,0%,0%,"People also ask,Top ads,AI",,Yes,0,0,no
www.tuscanytrail.it,,"tuscany trail costo iscrizione",google.com,en-gb,,Mobile,1,1,1,1,0,0,0,0,0,0,0,0,,,Manual,www.tuscanytrail.it,Broad,"https://www.tuscanytrail.it/product/tuscany-trail-2024/#:~:text=Luogo%3A%20Via%20Vecchia%20Aurelia%2C%201%2C%2057022%20Donoratico%20LI.&text=Costo%20dell'iscrizione%3A,2023%20al%207%20Gennaio%202024","https://www.tuscanytrail.it/product/tuscany-trail-2024/#:~:text=Luogo%3A%20Via%20Vecchia%20Aurelia%2C%201%2C%2057022%20Donoratico%20LI.&text=Costo%20dell'iscrizione%3A,2023%20al%207%20Gennaio%202024",0%,0%,0%,0%,"Featured Snippet,People also ask,Top ads","Featured Snippet",Yes,0,0,no
www.tuscanytrail.it,,"costco tuscany trail",google.com,en-gb,,Mobile,15,3,15,24,0,0,0,-9,0,0,0,0,,,Manual,www.tuscanytrail.it,Broad,https://www.tuscanytrail.it/en/,,0%,0%,0%,0%,"Local pack,Review",,Yes,0,0,no
www.tuscanytrail.it,,"tuscany trail 2024 gpx route map",google.com,en-gb,,Mobile,3,1,3,3,0,0,0,0,0,0,0,0,,,Manual,www.tuscanytrail.it,Broad,https://www.tuscanytrail.it/en/product/tuscany-trail-2024/,,0%,0%,0%,0%,"Review,People also ask,Top ads",,Yes,0,0,no
www.tuscanytrail.it,,"tuscany wine trail map",google.com,en-gb,,Mobile,46,5,42,42,0,0,0,4,10,0.09,0,0,,,Manual,www.tuscanytrail.it,Broad,https://www.tuscanytrail.it/en/,,0%,0%,0%,0%,"Review,People also ask,Top ads",,Yes,0.005,0,no
www.tuscanytrail.it,,"tuscany trail 2023 map",google.com,en-gb,,Mobile,3,1,3,3,0,0,0,0,10,0,0,0,,,Manual,www.tuscanytrail.it,Broad,https://www.tuscanytrail.it/en/,,0%,0%,0%,0%,"Top ads",,Yes,1.02,10.2,no
www.tuscanytrail.it,,"tuscany trail route map",google.com,en-gb,,Mobile,1,1,1,1,0,0,0,0,20,0.02,0,0,,,Manual,www.tuscanytrail.it,Broad,https://www.tuscanytrail.it/en/,,0%,0%,0%,0%,"Review,People also ask,Top ads",,Yes,7.96,79.6,no
www.tuscanytrail.it,,"tuscany hiking map",google.com,en-gb,,Mobile,18,3,18,21,0,0,0,-3,0,0,0,0,,,Manual,www.tuscanytrail.it,Broad,https://www.tuscanytrail.it/en/,,0%,0%,0%,0%,"Review,People also ask,Top ads",,Yes,0,0,no
www.tuscanytrail.it,,"tuscany trail mappa",google.com,en-gb,,Mobile,1,1,1,1,0,0,0,0,260,0.03,0.19,0,,,Manual,www.tuscanytrail.it,Broad,https://www.tuscanytrail.it/en/,,0%,0%,0%,0%,"Review,Top ads",,Yes,103.48,1034.8,no
www.tuscanytrail.it,,"tuscany trail map 2024",google.com,en-gb,,Mobile,1,1,1,1,0,0,0,0,0,0,0,0,,,Manual,www.tuscanytrail.it,Broad,https://www.tuscanytrail.it/en/product/tuscany-trail-2024/,,0%,0%,0%,0%,"Review,People also ask,Top ads",,Yes,0,0,no
www.tuscanytrail.it,,"import gpx to alltrails",google.com,en-gb,,Mobile,0,0,0,0,0,0,0,0,70,0.02,0,0,,,Manual,www.tuscanytrail.it,Broad,"NOT FOUND",,0%,0%,0%,0%,"Review,Video,People also ask,Top ads,AI",,Yes,0,0,no
www.tuscanytrail.it,,"can you download gpx from alltrails",google.com,en-gb,,Mobile,0,0,0,0,0,0,0,0,40,0.07,0,0,,,Manual,www.tuscanytrail.it,Broad,"NOT FOUND",,0%,0%,0%,0%,"Review,People also ask,Top ads,AI",,Yes,0,0,no
www.tuscanytrail.it,,"tuscany gravel",google.com,en-gb,,Mobile,1,1,1,1,0,0,0,0,320,0.79,0.37,0,,,Manual,www.tuscanytrail.it,Broad,https://www.tuscanytrail.it/en/,,0%,0%,0%,0%,"Review,Video,Top ads",,Yes,127.36,1273.6,no
www.tuscanytrail.it,,"washed gravel vs pea gravel",google.com,en-gb,,Mobile,0,0,0,0,0,0,0,0,20,0,0,0,,,Manual,www.tuscanytrail.it,Broad,"NOT FOUND",,0%,0%,0%,0%,"People also ask,Top ads,AI",,Yes,0,0,no
www.tuscanytrail.it,,"gravel vs pea gravel",google.com,en-gb,,Mobile,0,0,0,0,0,0,0,0,90,0.03,1.11,0,,,Manual,www.tuscanytrail.it,Broad,"NOT FOUND","https://ozinga.com/blog/crushed-stone-vs-pea-gravel-whats-the-difference/#:~:text=When%20you%20compare%20the%20two,its%20rounded%20and%20smooth%20sides.",0%,0%,0%,0%,"Featured Snippet,Video,People also ask,Top ads,AI",,Yes,0,0,no
www.tuscanytrail.it,,"tuscany gravel bike ride",google.com,en-gb,,Mobile,1,1,1,1,0,0,0,0,0,0,0,0,,,Manual,www.tuscanytrail.it,Broad,https://www.tuscanytrail.it/en/,,0%,0%,0%,0%,"Review,Video,People also ask,Top ads",,Yes,0,0,no
www.tuscanytrail.it,,"tuscany gravel tour",google.com,en-gb,,Mobile,4,1,4,4,0,0,0,0,20,0.4,2.68,0,,,Manual,www.tuscanytrail.it,Broad,https://www.tuscanytrail.it/en/,,0%,0%,0%,0%,"Review,Video,Top ads",,Yes,1.44,10.08,no
www.tuscanytrail.it,,"tuscany gravel routes",google.com,en-gb,,Mobile,6,1,6,7,0,0,0,-1,70,0.19,1.85,0,,,Manual,www.tuscanytrail.it,Broad,https://www.tuscanytrail.it/en/,,0%,0%,0%,0%,"Review,Video",,Yes,2.1,14.7,no
www.tuscanytrail.it,,"tuscany gravel bike rental",google.com,en-gb,,Mobile,34,4,31,31,0,0,0,3,0,0,0,0,,,Manual,www.tuscanytrail.it,Broad,https://www.tuscanytrail.it/en/,,0%,0%,0%,0%,"Image Pack,Review,People also ask,Top ads","Image Pack",Yes,0,0,no
www.tuscanytrail.it,,"tuscany gravel biking",google.com,en-gb,,Mobile,4,1,4,4,0,0,0,0,0,0,0,0,,,Manual,www.tuscanytrail.it,Broad,https://www.tuscanytrail.it/en/,,0%,0%,0%,0%,"Review,Video,Top ads",,Yes,0,0,no
www.tuscanytrail.it,,"tuscany gravel bike tours",google.com,en-gb,,Mobile,5,1,5,5,0,0,0,0,40,0.67,1.87,0,,,Manual,www.tuscanytrail.it,Broad,https://www.tuscanytrail.it/en/,,0%,0%,0%,0%,"Review,Video,Top ads",,Yes,2.04,14.28,no
www.tuscanytrail.it,,"how to download gpx file from alltrails",google.com,en-gb,,Mobile,0,0,0,0,0,0,0,0,70,0,0,0,,,Manual,www.tuscanytrail.it,Broad,"NOT FOUND",,0%,0%,0%,0%,"Review,Video,People also ask,Top ads,AI",,Yes,0,0,no
www.tuscanytrail.it,,"how to download gpx from alltrails app",google.com,en-gb,,Mobile,0,0,0,0,0,0,0,0,0,0,0,0,,,Manual,www.tuscanytrail.it,Broad,"NOT FOUND",,0%,0%,0%,0%,"Review,People also ask,Top ads,AI",,Yes,0,0,no
www.tuscanytrail.it,,"how to download gpx from alltrails",google.com,en-gb,,Mobile,0,0,0,0,0,0,0,0,110,0.02,0,0,,,Manual,www.tuscanytrail.it,Broad,"NOT FOUND",,0%,0%,0%,0%,"Review,Video,People also ask,Top ads,AI",,Yes,0,0,no
www.tuscanytrail.it,,"can you upload gpx to alltrails",google.com,en-gb,,Mobile,0,0,0,0,0,0,0,0,10,0.02,0,0,,,Manual,www.tuscanytrail.it,Broad,"NOT FOUND",,0%,0%,0%,0%,"Review,Video,People also ask,Top ads,AI",,Yes,0,0,no
www.tuscanytrail.it,,"can you download gpx files from alltrails",google.com,en-gb,,Mobile,0,0,0,0,0,0,0,0,30,0.02,0,0,,,Manual,www.tuscanytrail.it,Broad,"NOT FOUND",,0%,0%,0%,0%,"Review,People also ask,Top ads,AI",,Yes,0,0,no
www.tuscanytrail.it,,"can you download gpx from alltrails app",google.com,en-gb,,Mobile,0,0,0,0,0,0,0,0,40,0.05,0,0,,,Manual,www.tuscanytrail.it,Broad,"NOT FOUND",,0%,0%,0%,0%,"Review,People also ask,Top ads,AI",,Yes,0,0,no
www.tuscanytrail.it,,"open gpx alltrails",google.com,en-gb,,Mobile,0,0,0,0,0,0,0,0,0,0,0,0,,,Manual,www.tuscanytrail.it,Broad,"NOT FOUND",,0%,0%,0%,0%,"Review,Video,People also ask,Top ads",,Yes,0,0,no
www.tuscanytrail.it,,"add gpx file to alltrails",google.com,en-gb,,Mobile,0,0,0,0,0,0,0,0,10,0,0,0,,,Manual,www.tuscanytrail.it,Broad,"NOT FOUND",,0%,0%,0%,0%,"Review,Video,People also ask,Top ads,AI",,Yes,0,0,no
www.tuscanytrail.it,,"upload gpx to alltrails app",google.com,en-gb,,Mobile,0,0,0,0,0,0,0,0,30,0.04,7.81,0,,,Manual,www.tuscanytrail.it,Broad,"NOT FOUND",,0%,0%,0%,0%,"Video,People also ask,Top ads,AI",,Yes,0,0,no
www.tuscanytrail.it,,"upload gpx to alltrails",google.com,en-gb,,Mobile,0,0,0,0,0,0,0,0,90,0.03,7.64,0,,,Manual,www.tuscanytrail.it,Broad,"NOT FOUND",,0%,0%,0%,0%,"Review,Video,People also ask,Top ads",,Yes,0,0,no
www.tuscanytrail.it,,"import gpx to alltrails app",google.com,en-gb,,Mobile,0,0,0,0,0,0,0,0,20,0.09,13.57,0,,,Manual,www.tuscanytrail.it,Broad,"NOT FOUND",,0%,0%,0%,0%,"Review,Video,People also ask,Top ads,AI",,Yes,0,0,no
www.tuscanytrail.it,,"mappa tuscany trail 2023",google.com,en-gb,,Mobile,3,1,3,3,0,0,0,0,0,0,0,0,,,Manual,www.tuscanytrail.it,Broad,https://www.tuscanytrail.it/en/,,0%,0%,0%,0%,"Review,Top ads",,Yes,0,0,no
www.tuscanytrail.it,,"mappa tuscany trail 2024",google.com,en-gb,,Mobile,1,1,1,1,0,0,0,0,0,0,0,0,,,Manual,www.tuscanytrail.it,Broad,https://www.tuscanytrail.it/en/product/tuscany-trail-2024/,,0%,0%,0%,0%,"Top ads",,Yes,0,0,no
www.tuscanytrail.it,,"historical sites in tuscany",google.com,en-gb,,Mobile,0,0,0,0,0,0,0,0,20,0.12,0.62,0,,,Manual,www.tuscanytrail.it,Broad,"NOT FOUND",,0%,0%,0%,0%,"Local pack,Review,Video,Carousel,People also ask,Top ads,AI",,Yes,0,0,no
www.tuscanytrail.it,,"tuscany walk reviews",google.com,en-gb,,Mobile,0,0,0,0,0,0,0,0,20,0,0,0,,,Manual,www.tuscanytrail.it,Broad,"NOT FOUND",,0%,0%,0%,0%,"Review,Top ads",,Yes,0,0,no
www.tuscanytrail.it,,"are there mountains in tuscany",google.com,en-gb,,Mobile,0,0,0,0,0,0,0,0,30,0,0,0,,,Manual,www.tuscanytrail.it,Broad,"NOT FOUND",,0%,0%,0%,0%,"Review,People also ask,AI",,Yes,0,0,no
www.tuscanytrail.it,,"hiking in tuscany near florence",google.com,en-gb,,Mobile,0,0,0,0,0,0,0,0,20,0.63,3.43,0,,,Manual,www.tuscanytrail.it,Broad,"NOT FOUND",,0%,0%,0%,0%,"Review,People also ask,Top ads,AI",,Yes,0,0,no
www.tuscanytrail.it,,"tuscany hiking trails map",google.com,en-gb,,Mobile,0,4,34,34,0,0,0,66,10,0.38,0.47,0,,,Manual,www.tuscanytrail.it,Broad,https://www.tuscanytrail.it/en/,,0%,0%,0%,0%,"Review,People also ask,Top ads",,Yes,0.005,0,no
www.tuscanytrail.it,,"tuscany walking map",google.com,en-gb,,Mobile,0,0,0,0,0,0,0,0,30,1,0.3,0,,,Manual,www.tuscanytrail.it,Broad,"NOT FOUND",,0%,0%,0%,0%,"Local pack,Review,Carousel,People also ask,Top ads",,Yes,0,0,no
www.tuscanytrail.it,,"tuscany driving routes",google.com,en-gb,,Mobile,0,0,0,0,0,0,0,0,40,0.14,0.01,0,,,Manual,www.tuscanytrail.it,Broad,"NOT FOUND",,0%,0%,0%,0%,"Review,Video,People also ask,Top ads",,Yes,0,0,no
www.tuscanytrail.it,,"where does the heritage trail start",google.com,en-gb,,Mobile,0,0,0,0,0,0,0,0,30,0.03,0,0,,,Manual,www.tuscanytrail.it,Broad,"NOT FOUND",,0%,0%,0%,0%,"Review,People also ask,Top ads,AI",,Yes,0,0,no
www.tuscanytrail.it,,"gravel italy",google.com,en-gb,,Mobile,26,9,26,82,0,0,0,-56,30,0.61,0.11,0,,,Manual,www.tuscanytrail.it,Broad,https://www.tuscanytrail.it/en/,,0%,0%,0%,0%,,,Yes,0,0,no
www.tuscanytrail.it,,"gravel bikepacking italy",google.com,en-gb,,Mobile,29,3,28,28,0,0,0,1,0,0,0,0,,,Manual,www.tuscanytrail.it,Broad,https://www.tuscanytrail.it/en/,,0%,0%,0%,0%,"Video,Top ads",,Yes,0,0,no
www.tuscanytrail.it,,"gravel cycling italy",google.com,en-gb,,Mobile,0,0,0,0,0,0,0,0,0,0,0,0,,,Manual,www.tuscanytrail.it,Broad,"NOT FOUND",,0%,0%,0%,0%,"Review,Video,Top ads",,Yes,0,0,no
www.tuscanytrail.it,,"italy gravel bike tours",google.com,en-gb,,Mobile,91,10,91,93,0,0,0,-2,0,0,0,0,,,Manual,www.tuscanytrail.it,Broad,https://www.tuscanytrail.it/en/,,0%,0%,0%,0%,"Video,Top ads",,Yes,0,0,no
www.tuscanytrail.it,,"italy gravel route",google.com,en-gb,,Mobile,16,2,16,17,0,0,0,-1,0,0,0,0,,,Manual,www.tuscanytrail.it,Broad,https://www.tuscanytrail.it/en/,,0%,0%,0%,0%,"Review,Video,People also ask,Top ads",,Yes,0,0,no
www.tuscanytrail.it,,"italy gravel bike",google.com,en-gb,,Mobile,75,7,66,66,0,0,0,9,0,0,0,0,,,Manual,www.tuscanytrail.it,Broad,https://www.tuscanytrail.it/en/,,0%,0%,0%,0%,"Review,Video,People also ask",,Yes,0,0,no
